<?xml version="1.0"?>
<doc>
    <assembly>
        <name>PolySerializer-Attributes</name>
    </assembly>
    <members>
        <member name="T:PolySerializer.SerializableAttribute">
            <summary>
            Attribute to enable serialization, or specify how to serialize a member.
            </summary>
        </member>
        <member name="P:PolySerializer.SerializableAttribute.Exclude">
            <summary>
            Get or set a flag indicating if the member should be excluded from serialization (and deserialization).
            </summary>
        </member>
        <member name="P:PolySerializer.SerializableAttribute.Condition">
            <summary>
            Get or set a condition for deserializing a member.
            If the boolean member indicated by <see cref="P:PolySerializer.SerializableAttribute.Condition"/> is set to true, the member with this attribute is serialized, otherwise it is ignored and won't be deserialized.
            </summary>
        </member>
        <member name="P:PolySerializer.SerializableAttribute.Setter">
            <summary>
            Get or set the name of a setter for deserializing a member.
            Applies only to read-only properties.
            If the member indicated by <see cref="P:PolySerializer.SerializableAttribute.Setter"/> is a method taking only one argument of the same type, the method is called with the value to deserialize.
            </summary>
        </member>
        <member name="P:PolySerializer.SerializableAttribute.Constructor">
            <summary>
            Get or set the list of property values to use to construct a deserialized object.
            Applies only to one of the object's constructors.
            If this attribute isn't specified, the parameterless constructor is used.
            If specified, the constructor must have parameters, their name must match properties of the object's type, and this attribute must list them as a comma-separated list. Serialized values of these properties are used in the same order when calling the constructor.
            If the deserialized type is different than the serialized type, both types must have this attribute set on compatible constructors.
            </summary>
        </member>
    </members>
</doc>
